"","ID","Agaricomycetes","Agaricostilbomycetes","Archaeorhizomycetes","Arthoniomycetes","Blastocladiomycetes","Chytridiomycetes","Cystobasidiomycetes","Dacrymycetes","Dothideomycetes","Entorrhizomycetes","Eurotiomycetes","Exobasidiomycetes","Fungi_cls_Incertae_sedis","Glomeromycetes","Kickxellomycotina_cls_Incertae_sedis","Lecanoromycetes","Leotiomycetes","Microbotryomycetes","Monoblepharidomycetes","Mortierellomycotina_cls_Incertae_sedis","Mucoromycotina_cls_Incertae_sedis","Orbiliomycetes","Pezizomycetes","Pezizomycotina_cls_Incertae_sedis","Pucciniomycetes","Saccharomycetes","Sordariomycetes","Taphrinomycetes","Tremellomycetes","unidentified","Ustilaginomycotina_cls_Incertae_sedis","Wallemiomycetes","Zoopagomycotina_cls_Incertae_sedis","Zygomycota_cls_Incertae_sedis","BarcodeSequence","LinkerPrimerSequence","ReversePrimer","Primer_Plate","Purified_DNA_Conc.","Site","Sample_Type","Locus","Description","Elevation","sample","treatment"
"1","ITS.CC.1",92.0294,0,0,0,5.5433,0,4.737,0,337.3525,0,164.2759,0,0,28.613,0,119.8739,54.8971,18.0026,0,31.6958,1.5773,34.019,11.1231,11.9499,0,0,228.9051,4.3748,73.6925,475.7483,0,0,0,2.3127,"TCTGAGGTTGCC","CAAGCAGAAGACGGCATACGAGATTCTGAGGTTGCCCGGCTGCGTTCTTCATCGATGC","GCTGCGTTCTTCATCGATGC","ITS#4_A1",107.3,"white mountains","soil","ITS","3800 1 SR",3800,1,"SR"
"2","ITS.CC.10",126.4819,1.5511,3.1022,1.5511,0,0,13.8595,0,360.4418,0,159.8168,0,0,28.9715,0,111.1993,110.7901,38.2989,0,55.1912,1.5511,10.1093,7.8719,10.0655,0,1.5511,223.8346,4.5626,134.9239,522.8082,0,0,0,11.8146,"GCGAAGTTGGGA","CAAGCAGAAGACGGCATACGAGATGCGAAGTTGGGACGGCTGCGTTCTTCATCGATGC","GCTGCGTTCTTCATCGATGC","ITS#4_A10",87.8,"white mountains","soil","ITS","3200 4 S",3200,4,"S"
"3","ITS.CC.11",154.2844,1.7599,0,0,0,3.3987,0,0,278.9104,0,141.0586,0,0,41.1015,4.2893,55.9551,114.574,13.5973,0,40.4531,3.3987,13.6515,6.5484,10.8377,0,6.9185,244.2544,4.3286,64.8364,414.7053,0,0,0,9.6558,"GCATTCGGCGTT","CAAGCAGAAGACGGCATACGAGATGCATTCGGCGTTCGGCTGCGTTCTTCATCGATGC","GCTGCGTTCTTCATCGATGC","ITS#4_A11",37.4,"white mountains","soil","ITS","3200 4 OS",3200,4,"OS"
"4","ITS.CC.13",99.1618,2.9769,2.9769,0,0,0,0,2.1494,248.1139,0,86.7084,0,0,8.6671,4.4342,33.8941,51.104,6.9819,0,12.7724,0,17.7635,31.3065,9.1482,2.1494,0,167.4084,2.9769,43.85,232.598,0,0,0,16.6549,"TCCAACTGCAGA","CAAGCAGAAGACGGCATACGAGATTCCAACTGCAGACGGCTGCGTTCTTCATCGATGC","GCTGCGTTCTTCATCGATGC","ITS#4_B1",51.4,"white mountains","soil","ITS","3500 1 OS",3500,1,"OS"
"5","ITS.CC.14",63.4987,0,0,0,0,0,3.371,0,87.3639,0,50.9128,0,0,0,4.2995,24.027,49.1684,18.048,0,36.592,0,14.7826,0,3.371,0,0,127.7218,4.2995,30.1857,168.822,0,0,0,5.8348,"TAAAGACCCGTA","CAAGCAGAAGACGGCATACGAGATTAAAGACCCGTACGGCTGCGTTCTTCATCGATGC","GCTGCGTTCTTCATCGATGC","ITS#4_B2",16.1,"white mountains","soil","ITS","3800 2 OS",3800,2,"OS"
"6","ITS.CC.15",193.8268,0,1.3507,0,0,2.8483,7.5547,0,308.7578,4.7738,162.4927,0,0,49.6549,8.0973,49.7285,103.1625,27.6083,0,36.1464,2.4985,24.1538,7.0473,9.7376,1.3507,2.7014,196.6491,1.3507,90.3389,517.0692,0,2.0359,0,12.211,"TGTATCTTCACC","CAAGCAGAAGACGGCATACGAGATTGTATCTTCACCCGGCTGCGTTCTTCATCGATGC","GCTGCGTTCTTCATCGATGC","ITS#4_B3",84,"white mountains","soil","ITS","3200 1 S",3200,1,"S"
"7","ITS.CC.17",60.1339,0,3.2224,0,0,0,0,0,166.0748,3.2224,120.912,0,0,4.143,4.143,9.6672,55.0771,4.143,0,30.2473,0,12.8896,11.5084,5.8908,0,0,127.7996,0,38.5506,177.874,0,5.6724,0,3.2224,"TCGTGGATAGCT","CAAGCAGAAGACGGCATACGAGATTCGTGGATAGCTCGGCTGCGTTCTTCATCGATGC","GCTGCGTTCTTCATCGATGC","ITS#4_B5",43.6,"white mountains","soil","ITS","3200 3 OS",3200,3,"OS"
"8","ITS.CC.18",31.2701,0,0,0,0,0,10.3392,0,155.8418,0,70.2079,0,0,8.7899,4.9403,10.3392,39.2917,3.4464,0,16.8328,0,25.8712,0,3.4464,0,0,77.7013,0,35.1269,180.2851,0,0,0,3.4464,"GACGCACTAACT","CAAGCAGAAGACGGCATACGAGATGACGCACTAACTCGGCTGCGTTCTTCATCGATGC","GCTGCGTTCTTCATCGATGC","ITS#4_B6",71.2,"white mountains","soil","ITS","3800 2 SR",3800,2,"SR"
"9","ITS.CC.19",70.8891,0,0,0,0,0,0,0,109.2062,0,44.7875,0,0,17.0591,0,12.6571,57.2099,12.7939,0,18.4774,0,5.8772,0,2.9386,0,0,101.0752,0,23.8607,172.2631,0,0,0,4.3923,"GGCGATTTACGT","CAAGCAGAAGACGGCATACGAGATGGCGATTTACGTCGGCTGCGTTCTTCATCGATGC","GCTGCGTTCTTCATCGATGC","ITS#4_B7",22.9,"white mountains","soil","ITS","3800 1 OS",3800,1,"OS"
"10","ITS.CC.2",157.2033,2.447,1.2235,1.2235,0,1.8759,4.9247,1.2235,460.1947,0,204.0042,0,0,55.9244,3.371,116.4936,140.5003,31.8972,0,34.9929,1.8759,51.0645,17.1945,4.7705,0,1.2235,229.5755,8.9356,97.0579,574.7155,0,0,0,13.3193,"GATCATTCTCTC","CAAGCAGAAGACGGCATACGAGATGATCATTCTCTCCGGCTGCGTTCTTCATCGATGC","GCTGCGTTCTTCATCGATGC","ITS#4_A2",77.1,"white mountains","soil","ITS","3500 1 S",3500,1,"S"
"11","ITS.CC.20",54.6892,0,0,0,0,0,0,0,152.8972,0,88.5433,0,0,11.7771,0,19.5862,28.7885,0,0,21.8083,2.9555,11.1092,0,3.8593,0,0,92.653,0,37.174,197.7409,0,0,0,4.8087,"TAAGGCATCGCT","CAAGCAGAAGACGGCATACGAGATTAAGGCATCGCTCGGCTGCGTTCTTCATCGATGC","GCTGCGTTCTTCATCGATGC","ITS#4_B8",15.2,"white mountains","soil","ITS","3200 1 SR",3200,1,"SR"
"12","ITS.CC.23",65.496,0,0,0,0,0,0,0,61.8455,6.5716,79.0643,0,0,18.4936,0,12.9069,56.0889,0,0,29.5524,0,8.2905,0,7.3482,0,0,96.4,0,29.3565,181.5784,0,0,0,4.6164,"CAGTCGTTAAGA","CAAGCAGAAGACGGCATACGAGATCAGTCGTTAAGACGGCTGCGTTCTTCATCGATGC","GCTGCGTTCTTCATCGATGC","ITS#4_B11",7,"white mountains","soil","ITS","3200 5 SR",3200,5,"SR"
"13","ITS.CC.24",135.9755,0,0,0,0,0,0,0,162.888,0,84.4403,0,0,29.2804,0,24.3019,60.9159,5.3144,0,15.7621,0,18.4641,7.2264,4.8176,0,2.4088,76.9522,2.4088,47.3061,255.4789,0,0,0,0,"CTACGAAAGCCT","CAAGCAGAAGACGGCATACGAGATCTACGAAAGCCTCGGCTGCGTTCTTCATCGATGC","GCTGCGTTCTTCATCGATGC","ITS#4_B12",7.2,"white mountains","soil","ITS","3800 3 SR",3800,3,"SR"
"14","ITS.CC.26",108.9227,0,0,0,0,3.2943,0,0,174.3461,0,136.4148,0,0,23.7532,0,33.2863,65.0495,9.1589,0,28.3268,3.8294,17.4608,2.4344,0,0,10.62,138.0199,2.4344,65.352,267.251,0,4.2189,0,7.1237,"GGCATGTTATCG","CAAGCAGAAGACGGCATACGAGATGGCATGTTATCGCGGCTGCGTTCTTCATCGATGC","GCTGCGTTCTTCATCGATGC","ITS#4_C2",19.7,"white mountains","soil","ITS","3200 3 S",3200,3,"S"
"15","ITS.CC.27",125.0765,3.3469,19.4797,0,0,6.0624,12.4505,0,297.3123,0,97.7741,0,0,5.6418,0,41.0658,17.787,37.729,0,13.4547,0,4.0416,11.1469,2.0208,0,6.0624,144.3915,3.3469,96.4369,218.0865,0,0,0,11.6069,"AGGCACAGTAGG","CAAGCAGAAGACGGCATACGAGATAGGCACAGTAGGCGGCTGCGTTCTTCATCGATGC","GCTGCGTTCTTCATCGATGC","ITS#4_C3",32.5,"white mountains","soil","ITS","3500 4 S",3500,4,"S"
"16","ITS.CC.3",125.8631,0,9.7921,0,0,5.3838,4.9097,0,297.7823,0,153.0874,0,0,31.8688,4.52,76.8443,118.7025,22.7758,0,52.5489,1.3603,26.5565,9.9715,2.7206,0,4.5593,222.5703,0,87.4358,403.6948,0,0,0,12.2903,"AGACATACCGTA","CAAGCAGAAGACGGCATACGAGATAGACATACCGTACGGCTGCGTTCTTCATCGATGC","GCTGCGTTCTTCATCGATGC","ITS#4_A3",82.2,"white mountains","soil","ITS","3200 2 S",3200,2,"S"
"17","ITS.CC.30",145.0225,8.3103,5.9362,0,0,0,12.6203,0,325.7897,0,169.6829,0,0,6.8972,6.8889,36.5493,112.9055,29.2498,0,52.8813,4.2119,14.3704,0,9.9512,0,0,220.296,2.4876,113.7859,518.49,1.7243,1.7243,0,6.4438,"ATGCTAACCACG","CAAGCAGAAGACGGCATACGAGATATGCTAACCACGCGGCTGCGTTCTTCATCGATGC","GCTGCGTTCTTCATCGATGC","ITS#4_C6",62.8,"white mountains","soil","ITS","3800 4 S",3800,4,"S"
"18","ITS.CC.31",21.23,6.0876,0,0,0,0,3.0438,0,132.7785,0,58.0564,0,0,3.0438,4.5071,5.2185,43.2336,18.4148,0,10.1525,0,17.7632,0,4.5071,0,0,76.8912,0,39.8686,100.1904,0,0,0,3.9535,"ACCAATCTCGGC","CAAGCAGAAGACGGCATACGAGATACCAATCTCGGCCGGCTGCGTTCTTCATCGATGC","GCTGCGTTCTTCATCGATGC","ITS#4_C7",10,"white mountains","soil","ITS","3800 1 S",3800,1,"S"
"19","ITS.CC.32",49.0628,0,33.6123,0,0,0,0,0,175.8017,0,82.9173,0,0,14.1252,0,11.3841,61.4815,3.3001,0,7.4021,0,16.5826,10.8251,0,0,0,111.3784,3.3001,40.3732,164.9302,0,0,0,3.3001,"TATCCAAGCGCA","CAAGCAGAAGACGGCATACGAGATTATCCAAGCGCACGGCTGCGTTCTTCATCGATGC","GCTGCGTTCTTCATCGATGC","ITS#4_C8",5.7,"white mountains","soil","ITS","3500 3 OS",3500,3,"OS"
"20","ITS.CC.33",6.2302,0,0,0,0,0,3.7383,0,115.7196,0,66.3405,0,0,0,3.7383,12.1598,26.8777,7.4766,0,29.7157,0,20.3066,8.4215,3.7383,0,3.7383,49.9706,0,42.6134,93.0111,0,0,0,10.3381,"GTACTGAAGATC","CAAGCAGAAGACGGCATACGAGATGTACTGAAGATCCGGCTGCGTTCTTCATCGATGC","GCTGCGTTCTTCATCGATGC","ITS#4_C9",9.3,"white mountains","soil","ITS","3800 5 S",3800,5,"S"
"21","ITS.CC.34",47.8698,0,11.4157,0,0,0,2.6469,0,159.5494,0,56.5723,0,0,2.6469,5.745,20.779,47.4413,16.3753,0,29.4329,0,33.3041,2.6469,0,0,0,120.7066,2.6469,45.2364,199.9644,0,0,0,5.596,"TCGCCGTGTACA","CAAGCAGAAGACGGCATACGAGATTCGCCGTGTACACGGCTGCGTTCTTCATCGATGC","GCTGCGTTCTTCATCGATGC","ITS#4_C10",9.3,"white mountains","soil","ITS","3500 5 S",3500,5,"S"
"22","ITS.CC.36",156.6879,3.4649,5.2516,1.3857,0,12.0828,5.669,0,265.5369,3.6195,219.7406,0,0,40.4239,8.2102,38.2112,111.627,18.8467,0,51.9054,1.3857,37.9783,15.1675,4.2833,0,13.098,247.5013,5.2594,105.6908,546.9437,0,5.6261,2.0792,15.2827,"CTTCCAACTCAT","CAAGCAGAAGACGGCATACGAGATCTTCCAACTCATCGGCTGCGTTCTTCATCGATGC","GCTGCGTTCTTCATCGATGC","ITS#4_C12",65.5,"white mountains","soil","ITS","3200 3 S",3200,3,"S"
"23","ITS.CC.38",176.7968,0,1.6286,0,0,1.6286,6.4556,0,296.3036,0,134.9778,0,0,3.2572,0,44.3212,132.4455,32.0519,0,30.1943,0,23.1568,3.2572,4.4918,0,0,178.8231,1.6286,82.4604,403.5654,0,0,0,9.0955,"TGTACATCGCCG","CAAGCAGAAGACGGCATACGAGATTGTACATCGCCGCGGCTGCGTTCTTCATCGATGC","GCTGCGTTCTTCATCGATGC","ITS#4_D2",45.2,"white mountains","soil","ITS","3800 5 OS",3800,5,"OS"
"24","ITS.CC.39",104.1626,1.5792,0,0,5.8244,1.5792,2.315,0,338.0603,0,152.2433,0,3.4516,31.673,4.2398,45.3909,90.6086,3.1584,0,31.7531,0,33.4878,6.3168,7.548,1.5792,3.1584,223.1224,2.315,58.2716,419.6389,0,0,0,4.7466,"TGTTAAGCAGCA","CAAGCAGAAGACGGCATACGAGATTGTTAAGCAGCACGGCTGCGTTCTTCATCGATGC","GCTGCGTTCTTCATCGATGC","ITS#4_D3",55.7,"white mountains","soil","ITS","3800 5 SR",3800,5,"SR"
"25","ITS.CC.4",182.6685,6.5333,1.6749,0,0,9.8491,12.5527,0,333.4303,0,156.1389,4.2129,0,12.4786,2.4292,72.7008,68.9804,57.7697,0,23.585,4.1041,46.9841,14.9078,4.1041,0,5.3512,146.9415,1.6749,111.8571,456.8835,0,0,0,0,"GATCCTCATGCG","CAAGCAGAAGACGGCATACGAGATGATCCTCATGCGCGGCTGCGTTCTTCATCGATGC","GCTGCGTTCTTCATCGATGC","ITS#4_A4",88.1,"white mountains","soil","ITS","3800 4 S",3800,4,"S"
"26","ITS.CC.40",142.4754,1.8551,28.8319,0,0,2.6405,12.8814,0,365.2668,0,162.1876,0,0,4.4556,0,54.3837,83.76,17.0331,0,37.0188,5.0013,17.8846,1.8551,8.5429,0,1.8551,188.5931,0,71.4801,348.8239,0,0,0,10.7998,"ACGGCGTTATGT","CAAGCAGAAGACGGCATACGAGATACGGCGTTATGTCGGCTGCGTTCTTCATCGATGC","GCTGCGTTCTTCATCGATGC","ITS#4_D4",33.4,"white mountains","soil","ITS","3500 5 OS",3500,5,"OS"
"27","ITS.CC.41",79.3052,0,0,0,0,0,3.7887,0,102.254,0,27.4678,0,0,7.5774,0,13.8267,38.9016,9.4969,0,10.2924,0,0,0,0,0,0,33.7171,0,33.3656,142.8185,0,0,0,0,"ACTTTGCTTTGC","CAAGCAGAAGACGGCATACGAGATACTTTGCTTTGCCGGCTGCGTTCTTCATCGATGC","GCTGCGTTCTTCATCGATGC","ITS#4_D5",8.2,"white mountains","soil","ITS","3200 4 S",3200,4,"S"
"28","ITS.CC.42",70.9001,0,0,0,0,0,0,0,133.9322,2.7059,115.5725,0,0,9.9416,4.5298,9.4455,49.6276,4.5298,0,23.0436,2.7059,21.9596,0,2.7059,0,0,92.546,0,32.3388,185.7458,0,0,0,5.9489,"CAAAGCGGTATT","CAAGCAGAAGACGGCATACGAGATCAAAGCGGTATTCGGCTGCGTTCTTCATCGATGC","GCTGCGTTCTTCATCGATGC","ITS#4_D6",6.5,"white mountains","soil","ITS","3200 1 OS",3200,1,"OS"
"29","ITS.CC.43",155.37,1.9598,0,0,0,0,8.7964,0,207.1245,0,140.3309,0,0,18.1079,0,23.9892,60.418,14.1516,0,34.5138,0,2.7614,7.5704,13.4213,1.9598,2.7614,167.1265,8.3234,68.4908,263.8776,0,0,0,2.7614,"CGAAACTACGTA","CAAGCAGAAGACGGCATACGAGATCGAAACTACGTACGGCTGCGTTCTTCATCGATGC","GCTGCGTTCTTCATCGATGC","ITS#4_D7",76.6,"white mountains","soil","ITS","3200 5 S",3200,5,"S"
"30","ITS.CC.44",163.083,5.8346,0,0,0,0,18.5533,0,336.531,0,157.819,0,0,4.2773,1.722,53.116,120.665,57.2684,0,33.3203,0,10.471,7.6508,8.3194,2.4848,0,209.2374,1.722,132.6274,415.4961,0,0,0,6.6996,"GAGGACCAGCAA","CAAGCAGAAGACGGCATACGAGATGAGGACCAGCAACGGCTGCGTTCTTCATCGATGC","GCTGCGTTCTTCATCGATGC","ITS#4_D8",134.6,"white mountains","soil","ITS","3800 2 S",3800,2,"S"
"31","ITS.CC.45",115.247,3.569,3.569,0,0,0,12.8948,0,387.851,0,116.8261,0,0,45.8929,2.5583,54.9369,101.0162,23.836,0,28.9318,0,33.0754,5.5097,3.569,0,3.569,234.5921,4.3428,83.3495,501.1762,0,0,0,3.9699,"AATAGCATGTCG","CAAGCAGAAGACGGCATACGAGATAATAGCATGTCGCGGCTGCGTTCTTCATCGATGC","GCTGCGTTCTTCATCGATGC","ITS#4_D9",106.7,"white mountains","soil","ITS","3800 1 SR",3800,1,"SR"
"32","ITS.CC.46",184.374,2.6279,0,0,0,10.3353,4.0482,0,304.4896,1.4474,184.6757,0,0,56.4353,0,46.9928,79.5234,4.5517,0,46.8847,3.5062,14.7798,2.8948,1.4474,0,1.4474,204.4432,3.7104,91.871,512.4231,0,2.6279,0,8.6883,"CGGAGTAATCCT","CAAGCAGAAGACGGCATACGAGATCGGAGTAATCCTCGGCTGCGTTCTTCATCGATGC","GCTGCGTTCTTCATCGATGC","ITS#4_D10",136.2,"white mountains","soil","ITS","3200 1 SR",3200,1,"SR"
"33","ITS.CC.47",127.1735,0,0,0,0,0,13.5239,0,374.0765,0,173.1192,1.662,0,24.0586,7.0557,61.0276,88.9315,38.0893,0,25.4206,1.662,41.5538,1.662,3.324,0,1.662,220.7789,3.806,109.6346,499.9656,0,1.662,0,6.2296,"CTGTGTCCATGG","CAAGCAGAAGACGGCATACGAGATCTGTGTCCATGGCGGCTGCGTTCTTCATCGATGC","GCTGCGTTCTTCATCGATGC","ITS#4_D11",33.2,"white mountains","soil","ITS","3800 3 S",3800,3,"S"
"34","ITS.CC.48",145.5448,0,0,0,0,1.847,9.5733,0,325.1548,0,119.9376,0,0,17.6849,7.776,64.6692,93.2301,17.1286,0,27.2524,0,44.3001,6.9666,4.4781,0,2.6311,266.4593,5.2622,89.5204,492.6503,0,3.1362,0,7.3402,"CTTCGCGGATGT","CAAGCAGAAGACGGCATACGAGATCTTCGCGGATGTCGGCTGCGTTCTTCATCGATGC","GCTGCGTTCTTCATCGATGC","ITS#4_D12",53.9,"white mountains","soil","ITS","3500 2 OS",3500,2,"OS"
"35","ITS.CC.49",116.3401,0,1.4897,0,1.4897,1.4897,14.7159,0,361.1887,0,227.0468,0,0,16.0626,9.161,58.7755,147.6082,24.4057,0,51.9787,0,55.86,6.0116,9.1373,0,1.4897,344.7071,2.2068,81.453,504.0355,0,0,0,17.6997,"ATAGGCTGTAGT","CAAGCAGAAGACGGCATACGAGATATAGGCTGTAGTCGGCTGCGTTCTTCATCGATGC","GCTGCGTTCTTCATCGATGC","ITS#4_E1",73.8,"white mountains","soil","ITS","3800 3 OS",3800,3,"OS"
"36","ITS.CC.5",137.1606,0,0,0,0,14.0829,2.6122,0,420.9832,0,218.7173,6.872,0,11.2954,0,119.2586,95.7063,23.855,0,29.7903,2.6122,2.4378,13.333,8.2684,0,1.3061,279.0151,3.0642,113.3205,561.0252,0,0,0,10.4423,"ATTATCGTCCCT","CAAGCAGAAGACGGCATACGAGATATTATCGTCCCTCGGCTGCGTTCTTCATCGATGC","GCTGCGTTCTTCATCGATGC","ITS#4_A5",95.4,"white mountains","soil","ITS","3200 3 SR",3200,3,"SR"
"37","ITS.CC.50",158.3873,6.9965,2.947,0,2.947,11.8147,10.4687,0,395.2273,0,179.088,0,0,5.0144,12.557,64.369,106.6816,32.87,0,28.4325,0,51.9651,15.5809,3.3894,0,1.6947,216.3278,2.947,94.5514,471.5162,0,0,0,6.5692,"TGTGTAGCCATG","CAAGCAGAAGACGGCATACGAGATTGTGTAGCCATGCGGCTGCGTTCTTCATCGATGC","GCTGCGTTCTTCATCGATGC","ITS#4_E2",33.8,"white mountains","soil","ITS","3500 3 S",3500,3,"S"
"38","ITS.CC.51",141.25,2.0478,0,0,0,0,8.5281,0,266.7695,2.0478,106.5608,0,0,2.8619,4.7048,25.3296,65.1067,50.7847,0,25.5707,0,34.3727,10.7166,5.4269,0,0,107.7136,4.8685,102.9155,360.7026,0,0,0,3.7591,"AAGGGCGCTGAA","CAAGCAGAAGACGGCATACGAGATAAGGGCGCTGAACGGCTGCGTTCTTCATCGATGC","GCTGCGTTCTTCATCGATGC","ITS#4_E3",55.4,"white mountains","soil","ITS","3200 1 S",3200,1,"S"
"39","ITS.CC.52",134.3876,5.9646,1.5811,1.5811,0,4.6346,12.8394,1.5811,441.6593,0,128.6215,0,0,16.9954,7.2327,52.8633,97.9465,32.837,0,38.0987,0,60.4705,9.6597,6.8573,0,1.5811,195.5829,3.1622,85.7663,414.6599,0,0,0,5.3519,"GTTTCCGTGGTG","CAAGCAGAAGACGGCATACGAGATGTTTCCGTGGTGCGGCTGCGTTCTTCATCGATGC","GCTGCGTTCTTCATCGATGC","ITS#4_E4",47.9,"white mountains","soil","ITS","3500 2 S",3500,2,"S"
"40","ITS.CC.53",106.624,0,0,0,0,10.3869,7.9662,0,310.6372,0,146.2239,0,0,41.7467,1.6164,51.8216,112.3588,20.3683,0,63.1097,0,49.8494,3.2328,8.9598,0,0,309.5866,1.6164,44.1902,443.3998,0,0,0,6.7607,"AGGAACCAGACG","CAAGCAGAAGACGGCATACGAGATAGGAACCAGACGCGGCTGCGTTCTTCATCGATGC","GCTGCGTTCTTCATCGATGC","ITS#4_E5",130.7,"white mountains","soil","ITS","3800 4 SR",3800,4,"SR"
"41","ITS.CC.54",130.9788,6.4256,1.643,0,0,6.2749,14.5538,0,431.0147,3.538,93.7176,0,0,11.0613,0,29.4351,91.3888,14.7258,0,18.3459,0,15.5045,15.3539,15.1566,0,0,207.9242,3.286,160.8328,514.8739,0,0,0,2.3913,"TAATGCCCAGGT","CAAGCAGAAGACGGCATACGAGATTAATGCCCAGGTCGGCTGCGTTCTTCATCGATGC","GCTGCGTTCTTCATCGATGC","ITS#4_E6",109.5,"white mountains","soil","ITS","3200 5 SR",3200,5,"SR"
"42","ITS.CC.55",142.5602,6.5921,11.718,0,0,6.0515,0,0,294.6907,0,108.8197,0,0,34.9636,6.347,27.0194,72.8222,15.1354,2.591,43.1763,0,42.6087,4.7074,3.625,0,5.6848,220.1643,0,75.54,376.3796,0,0,0,11.8357,"TATGAACGTCCG","CAAGCAGAAGACGGCATACGAGATTATGAACGTCCGCGGCTGCGTTCTTCATCGATGC","GCTGCGTTCTTCATCGATGC","ITS#4_E7",37.2,"white mountains","soil","ITS","3200 2 S",3200,2,"S"
"43","ITS.CC.56",83.4257,0,3.0875,0,0,0,4.3924,0,323.9629,0,136.4032,0,0,7.8518,4.9542,48.8379,65.7335,21.2289,0,22.2918,0,28.6786,4.3924,9.1771,0,1.8074,245.7588,0,64.1254,303.7117,0,0,0,8.0954,"CCACATTGGGTC","CAAGCAGAAGACGGCATACGAGATCCACATTGGGTCCGGCTGCGTTCTTCATCGATGC","GCTGCGTTCTTCATCGATGC","ITS#4_E8",39.4,"white mountains","soil","ITS","3800 5 OS",3800,5,"OS"
"44","ITS.CC.57",88.3275,0,0,0,0,2.7721,11.7223,0,307.6445,1.9692,173.1877,0,0,8.6797,0,29.9298,84.04,30.3674,0,34.513,0,6.1781,3.9384,6.057,0,0,194.0679,6.5698,90.1188,368.3218,0,0,0,4.9143,"TCAGTCAGATGA","CAAGCAGAAGACGGCATACGAGATTCAGTCAGATGACGGCTGCGTTCTTCATCGATGC","GCTGCGTTCTTCATCGATGC","ITS#4_E9",53.5,"white mountains","soil","ITS","3200 5 S",3200,5,"S"
"45","ITS.CC.58",135.387,0,3.1496,0,0,3.5234,6.8654,0,323.6742,0,174.4031,1.8579,0,46.2026,6.2689,34.5951,84.5345,15.509,0,36.3424,0,30.3452,5.5737,16.2967,0,0,292.4786,0,50.2435,409.2412,0,0,0,6.364,"AAGTCACACACA","CAAGCAGAAGACGGCATACGAGATAAGTCACACACACGGCTGCGTTCTTCATCGATGC","GCTGCGTTCTTCATCGATGC","ITS#4_E10",201.6,"white mountains","soil","ITS","3800 2 SR",3800,2,"SR"
"46","ITS.CC.59",148.4261,8.7502,2.8324,0,0,1.6045,12.9351,0,369.3405,0,148.775,0,0,30.9543,0,47.9601,113.7688,19.0786,0,28.9814,1.6045,31.8559,10.3678,10.7553,1.6045,0,227.0356,7.3839,63.7565,490.1844,0,0,0,3.1959,"GCTGTGATTCGA","CAAGCAGAAGACGGCATACGAGATGCTGTGATTCGACGGCTGCGTTCTTCATCGATGC","GCTGCGTTCTTCATCGATGC","ITS#4_E11",55.4,"white mountains","soil","ITS","3800 3 SR",3800,3,"SR"
"47","ITS.CC.6",148.4268,4.9629,0,0,0,0,7.8722,1.9707,423.7494,4.0924,272.6804,2.4275,0,28.1621,7.4751,108.0656,113.2055,19.2089,0,31.9701,3.2693,22.9954,10.8133,11.4844,1.9707,1.2986,268.6956,2.4275,122.2949,573.4556,0,4.9629,0,7.5023,"CCAGACCGCTAT","CAAGCAGAAGACGGCATACGAGATCCAGACCGCTATCGGCTGCGTTCTTCATCGATGC","GCTGCGTTCTTCATCGATGC","ITS#4_A6",89.4,"white mountains","soil","ITS","3200 3 OS",3200,3,"OS"
"48","ITS.CC.60",108.6823,0,2.5209,0,0,1.7526,5.142,0,329.9516,0,160.1588,0,0,17.2467,0,71.2053,105.7311,19.3809,0,46.022,0,30.7141,5.2578,11.1164,0,3.5052,286.9717,4.8795,88.2899,427.6475,0,1.7526,0,8.9143,"CTAGCTATGGAC","CAAGCAGAAGACGGCATACGAGATCTAGCTATGGACCGGCTGCGTTCTTCATCGATGC","GCTGCGTTCTTCATCGATGC","ITS#4_E12",67.8,"white mountains","soil","ITS","3800 3 OS",3800,3,"OS"
"49","ITS.CC.61",161.9548,3.283,34.0117,0,0,3.3412,17.4552,0,399.2697,0,155.9914,0,0,21.7073,3.8177,49.598,85.1959,19.0527,0,19.4373,0,28.3552,10.3524,6.9372,0,1.6706,230.3644,7.0112,90.0711,414.6138,0,1.6706,0,4.877,"CTTGACGAGGTT","CAAGCAGAAGACGGCATACGAGATCTTGACGAGGTTCGGCTGCGTTCTTCATCGATGC","GCTGCGTTCTTCATCGATGC","ITS#4_F1",49.8,"white mountains","soil","ITS","3500 5 OS",3500,5,"OS"
"50","ITS.CC.62",95.1722,0,0,0,0,3.0592,0,0,293.1407,0,124.6484,0,0,57.3022,0,61.1715,107.3203,16.2155,0,39.0654,0,22.1713,12.7555,11.6063,0,0,245.106,3.7252,76.5186,404.9672,0,0,0,4.1791,"ACCTGGGAATAT","CAAGCAGAAGACGGCATACGAGATACCTGGGAATATCGGCTGCGTTCTTCATCGATGC","GCTGCGTTCTTCATCGATGC","ITS#4_F2",68.9,"white mountains","soil","ITS","3800 5 SR",3800,5,"SR"
"51","ITS.CC.63",214.2304,0,0,0,1.3426,1.3426,9.0199,0,374.7934,0,247.0512,0,0,48.1313,2.0258,47.27,100.361,15.0614,0,39.3518,0,42.8478,8.2072,16.3509,2.0258,0,250.5503,0,82.014,488.7826,0,2.8368,0,24.9392,"CTCTGCCTAATT","CAAGCAGAAGACGGCATACGAGATCTCTGCCTAATTCGGCTGCGTTCTTCATCGATGC","GCTGCGTTCTTCATCGATGC","ITS#4_F3",43.3,"white mountains","soil","ITS","3200 2 OS",3200,2,"OS"
"52","ITS.CC.64",106.4729,0,0,0,0,2.1846,0,0,263.3149,0,98.5021,0,0,12.9657,3.0165,45.2636,58.6826,11.5945,0,18.388,0,8.7384,5.2011,4.3692,0,6.5538,96.0842,2.1846,34.3082,215.2109,0,0,0,5.3222,"ATATGACCCAGC","CAAGCAGAAGACGGCATACGAGATATATGACCCAGCCGGCTGCGTTCTTCATCGATGC","GCTGCGTTCTTCATCGATGC","ITS#4_F4",84.4,"white mountains","soil","ITS","3800 2 S",3800,2,"S"
"53","ITS.CC.65",72.2835,0,31.541,0,0,3.2224,3.7549,0,201.2153,0,47.7693,2.3692,0,6.5122,0,31.0447,9.4768,14.8394,0,2.3692,0,5.5916,17.4729,2.3692,0,0,68.1816,0,46.9994,196.7333,0,0,0,8.7488,"CTCTATTCCACC","CAAGCAGAAGACGGCATACGAGATCTCTATTCCACCCGGCTGCGTTCTTCATCGATGC","GCTGCGTTCTTCATCGATGC","ITS#4_F5",32,"white mountains","soil","ITS","3500 5 S",3500,5,"S"
"54","ITS.CC.66",202.1808,8.8674,3.9295,0,0,0,17.8606,0,407.0154,0,182.9805,0,0,14.5132,10.153,91.9607,156.1752,43.68,0,60.5616,1.8972,42.8275,18.7388,14.1743,1.2403,0,281.8465,4.2441,91.9051,600.2031,1.2403,1.2403,0,9.0676,"ATTGAGTGAGTC","CAAGCAGAAGACGGCATACGAGATATTGAGTGAGTCCGGCTGCGTTCTTCATCGATGC","GCTGCGTTCTTCATCGATGC","ITS#4_F6",66.8,"white mountains","soil","ITS","3500 2 S",3500,2,"S"
"55","ITS.CC.67",104.3871,3.3672,4.1232,0,0,1.6836,3.8354,0,349.3914,0,138.0695,0,0,8.7264,2.4396,49.1566,40.0953,22.6258,0,19.8996,0,21.9212,15.9005,3.3001,0,0,282.2247,4.8792,72.1633,306.5535,0,1.6836,0,9.7415,"TTATGGTACGGA","CAAGCAGAAGACGGCATACGAGATTTATGGTACGGACGGCTGCGTTCTTCATCGATGC","GCTGCGTTCTTCATCGATGC","ITS#4_F7",39.5,"white mountains","soil","ITS","3800 1 OS",3800,1,"OS"
"56","ITS.CC.68",48.049,0,7.6508,0,0,1.722,6.5592,0,327.4324,0,138.5536,0,0,7.6473,0,43.7995,44.3779,19.6525,0,22.7418,3.444,32.2512,8.1472,1.722,0,0,277.2706,9.5293,55.2731,268.2543,0,0,0,7.5485,"GCTAGTTATGGA","CAAGCAGAAGACGGCATACGAGATGCTAGTTATGGACGGCTGCGTTCTTCATCGATGC","GCTGCGTTCTTCATCGATGC","ITS#4_F8",56.2,"white mountains","soil","ITS","3800 2 OS",3800,2,"OS"
"57","ITS.CC.69",153.6296,0,18.7291,0,0,2.0582,16.9681,0,426.3971,0,165.9227,0,0,32.8021,7.4385,46.2269,107.0843,22.2917,0,8.6534,1.3686,42.8324,15.7434,8.4724,0,0,197.8214,0,81.9322,480.2937,0,0,0,10.7557,"CAGATTAACCAG","CAAGCAGAAGACGGCATACGAGATCAGATTAACCAGCGGCTGCGTTCTTCATCGATGC","GCTGCGTTCTTCATCGATGC","ITS#4_F9",45.6,"white mountains","soil","ITS","3500 3 OS",3500,3,"OS"
"58","ITS.CC.7",149.9186,1.2887,0,0,0,3.247,9.4419,0,279.6133,0,222.532,0,0,44.6669,1.2887,101.2992,89.6914,23.5721,0,31.538,1.2887,44.8352,5.337,16.6596,0,4.5357,235.8761,1.2887,99.3303,460.9124,0,1.9583,0,22.2383,"AGCTCTAGAAAC","CAAGCAGAAGACGGCATACGAGATAGCTCTAGAAACCGGCTGCGTTCTTCATCGATGC","GCTGCGTTCTTCATCGATGC","ITS#4_A7",104.6,"white mountains","soil","ITS","3200 2 OS",3200,2,"OS"
"59","ITS.CC.70",106.7381,8.6101,2.3059,0,1.5716,0,17.2945,0,451.1172,0,135.6795,0,0,9.8216,5.1098,39.1642,137.6492,42.5011,0,20.4109,1.5716,27.6943,29.0979,13.3947,0,3.1432,157.5876,5.0961,111.9651,408.6985,0,0,0,7.3294,"GGCTGCATACTC","CAAGCAGAAGACGGCATACGAGATGGCTGCATACTCCGGCTGCGTTCTTCATCGATGC","GCTGCGTTCTTCATCGATGC","ITS#4_F10",59.2,"white mountains","soil","ITS","3500 1 S",3500,1,"S"
"60","ITS.CC.71",233.4449,0,5.5291,0,0,1.5966,2.3359,0,315.2954,1.5966,139.522,0,0,24.4351,8.078,74.7871,85.5509,10.9517,0,14.7437,0,27.4307,7.1179,12.1236,0,3.1932,278.0763,3.1854,55.7308,416.0435,0,1.5966,0,15.6092,"TTGGTAAAGTGC","CAAGCAGAAGACGGCATACGAGATTTGGTAAAGTGCCGGCTGCGTTCTTCATCGATGC","GCTGCGTTCTTCATCGATGC","ITS#4_F11",37.3,"white mountains","soil","ITS","3500 2 OS",3500,2,"OS"
"61","ITS.CC.72",179.6119,0,2.7614,1.2899,0,10.8701,5.5228,0,416.0349,0,207.6561,7.4509,0,45.5375,0,65.2656,122.1138,3.7055,0,37.1174,3.9196,9.2608,7.7893,14.0235,0,1.9598,300.6092,1.2899,73.594,600.5341,0,0,0,10.966,"AAGTGGCTATCC","CAAGCAGAAGACGGCATACGAGATAAGTGGCTATCCCGGCTGCGTTCTTCATCGATGC","GCTGCGTTCTTCATCGATGC","ITS#4_F12",69.5,"white mountains","soil","ITS","3200 3 SR",3200,3,"SR"
"62","ITS.CC.73",203.4639,0,6.0438,0,0,0,5.3459,0,282.0681,0,183.8815,0,0,52.0833,3.8206,54.2254,95.5837,10.6254,0,44.7334,3.2858,15.1036,5.0181,11.1853,5.6817,1.6727,246.6826,7.41,61.0741,401.5101,0,4.5161,0,7.8365,"AACCGATGTACC","CAAGCAGAAGACGGCATACGAGATAACCGATGTACCCGGCTGCGTTCTTCATCGATGC","GCTGCGTTCTTCATCGATGC","ITS#4_G1",42.3,"white mountains","soil","ITS","3200 4 OS",3200,4,"OS"
"63","ITS.CC.74",174.0861,5.6038,0,0,0,5.1983,10.3687,0,369.098,0,180.8507,3.5712,0,34.3041,2.6093,55.7689,106.2493,34.8289,0,46.8881,3.2484,7.5951,9.5271,28.2383,0,1.4333,270.2214,5.6239,116.0787,483.4929,0,9.2776,0,7.3378,"TCGATTGGCCGT","CAAGCAGAAGACGGCATACGAGATTCGATTGGCCGTCGGCTGCGTTCTTCATCGATGC","GCTGCGTTCTTCATCGATGC","ITS#4_G2",58.1,"white mountains","soil","ITS","3200 5 OS",3200,5,"OS"
"64","ITS.CC.75",222.3657,8.133,19.4911,0,1.4211,0,19.197,0,439.8191,0,200.2445,0,0,22.6093,1.4211,50.3962,107.5852,34.0277,0,25.5787,0,30.9202,4.9651,12.0687,0,0,259.3411,12.3163,103.7364,546.4358,0,0,0,10.1319,"GCATTACTGGAC","CAAGCAGAAGACGGCATACGAGATGCATTACTGGACCGGCTGCGTTCTTCATCGATGC","GCTGCGTTCTTCATCGATGC","ITS#4_G3",63,"white mountains","soil","ITS","3500 4 S",3500,4,"S"
"65","ITS.CC.76",213.6472,5.1794,3.6173,1.3842,0,1.3842,2.0775,0,410.5965,0,176.6543,11.9671,0,52.1172,1.3842,50.725,99.8399,28.2556,0,30.3328,3.6173,6.1265,15.3664,21.27,1.3842,2.0775,260.3995,4.7423,86.4992,601.6098,0,4.226,0,7.1405,"TTGGGCCACATA","CAAGCAGAAGACGGCATACGAGATTTGGGCCACATACGGCTGCGTTCTTCATCGATGC","GCTGCGTTCTTCATCGATGC","ITS#4_G4",31.8,"white mountains","soil","ITS","3200 5 OS",3200,5,"OS"
"66","ITS.CC.77",139.5351,7.5692,0,0,0,5.0987,5.6068,0,347.4133,0,171.4272,0,0,10.613,8.4592,73.837,144.1433,27.2735,0,21.868,0,45.1822,13.8834,10.2742,0,5.3154,216.1225,2.7042,87.2571,459.9914,0,0,0,7.9561,"CACACAAAGTCA","CAAGCAGAAGACGGCATACGAGATCACACAAAGTCACGGCTGCGTTCTTCATCGATGC","GCTGCGTTCTTCATCGATGC","ITS#4_G5",50.1,"white mountains","soil","ITS","3500 3 S",3500,3,"S"
"67","ITS.CC.78",204.5875,0,4.106,0,0,17.244,5.2026,0,383.782,0,217.9807,2.053,0,62.3568,3.7654,54.5257,96.3937,10.0358,0,33.3357,8.7657,16.5603,8.7055,3.9235,0,9.777,289.2936,4.2322,98.5074,484.8766,0,0,0,9.6509,"GCCAAGGATAGG","CAAGCAGAAGACGGCATACGAGATGCCAAGGATAGGCGGCTGCGTTCTTCATCGATGC","GCTGCGTTCTTCATCGATGC","ITS#4_G6",74.4,"white mountains","soil","ITS","3200 4 SR",3200,4,"SR"
"68","ITS.CC.79",208.3832,5.6522,41.313,0,0,2.7426,10.1695,0,404.5581,0,218.7757,0,0,39.1569,2.2616,54.2393,103.798,30.0592,0,34.0986,3.8362,26.8435,8.9617,6.1392,0,1.5348,235.1796,3.7964,104.185,513.2559,0,3.0696,0,8.599,"CGCCACGTGTAT","CAAGCAGAAGACGGCATACGAGATCGCCACGTGTATCGGCTGCGTTCTTCATCGATGC","GCTGCGTTCTTCATCGATGC","ITS#4_G7",66.6,"white mountains","soil","ITS","3500 4 OS",3500,4,"OS"
"69","ITS.CC.8",83.4064,3.2153,0,0,0,1.9117,9.1852,0,299.1119,0,145.3486,0,0,31.9216,0,77.1218,94.5624,29.873,0,21.8553,0,20.0814,4.6176,2.7059,0,0,156.8135,0,95.0252,352.537,0,0,0,5.3101,"TCCATCGACGTG","CAAGCAGAAGACGGCATACGAGATTCCATCGACGTGCGGCTGCGTTCTTCATCGATGC","GCTGCGTTCTTCATCGATGC","ITS#4_A8",118.9,"white mountains","soil","ITS","3800 1 S",3800,1,"S"
"70","ITS.CC.80",194.3313,0,6.7938,0,0,1.722,1.722,0,321.3773,0,199.4979,0,0,10.2724,2.9812,44.5066,62.6565,8.749,0,25.0767,2.4848,23.8488,2.4848,8.4964,0,0,235.1959,2.9812,37.8588,353.2954,0,0,0,14.461,"GCAACCGATTGT","CAAGCAGAAGACGGCATACGAGATGCAACCGATTGTCGGCTGCGTTCTTCATCGATGC","GCTGCGTTCTTCATCGATGC","ITS#4_G8",36.2,"white mountains","soil","ITS","3500 1 OS",3500,1,"OS"
"71","ITS.CC.9",71.9153,0,0,0,0,0,12.9722,0,323.0239,0,181.6407,1.7037,0,31.5505,2.4633,104.1024,112.834,12.8728,0,38.6659,2.9583,46.3421,12.1264,8.4194,0,2.4633,279.7386,4.0705,86.1929,470.3413,0,0,0,6.2808,"CGATGTGTGGTT","CAAGCAGAAGACGGCATACGAGATCGATGTGTGGTTCGGCTGCGTTCTTCATCGATGC","GCTGCGTTCTTCATCGATGC","ITS#4_A9",76.3,"white mountains","soil","ITS","3800 4 OS",3800,4,"OS"
